;GDX_materials;XLB_materials;VAW_materials;VFH_financials;XLF_financials;KRE_financials;VCR_consumer_disc;XLY_consumer_disc;IYC_consumer_disc;VDE_energy;XLE_energy;XOP_energy;VHT_healthcare;IBB_healthcare;XLV_healthcare;VPU_utilities;IDU_utilities;XLU_utilities;IYZ_telecom;VOX_telecom;IXP_telecom;VDC_consumer_staples;IEV_consumer_staples;XLP_consumer_staples;VIS_industrials;ITA_industrials;XLI_industrials;QQQ_tech;XLK_tech;VGT_tech;RWR_real_estate;VNQ_real_estate;IYR_real_estate;T10Y2Y;FEDFUNDS;Inverted
2000-01-31;;23.328125;;;18.734768;;;27.203125;;;27.3125;;;;30.109375;;;27.640625;;;;;;23.234375;;;27.1875;89.6875;50.5625;;;;;0.221;5.45;0
2000-02-29;;20.984375;;;16.729284;;;25.6875;;;26.15625;;;;28.140625;;;24.28125;;;;;;20.515625;;;25.6875;106.75;55.875;;;;;-0.091;5.73;1
2000-03-31;;23.046875;;;19.712124;;;29.265625;;;29.3125;;;;30.671875;;;26.734375;;;;;;21.21875;;;29.203125;109.5;60.5625;;;;;-0.2717391304347826;5.85;1
2000-04-30;;22.28125;;;19.902519;;;28.65625;;;28.875;;;;30.3125;;;28.484375;;;;;;22.34375;;;29.625;94.75;55.0;;;;;-0.41315789473684217;6.02;1
2000-05-31;;21.578125;;;20.346771;;;27.109375;;;32.265625;;;;29.5;;;28.421875;57.625;;;;;23.9375;;;29.5;83.125;49.28125;;;;;-0.3690909090909091;6.27;1
2000-06-30;;19.640625;;;19.293257;;;25.59375;;;30.34375;;;;29.5625;;65.78125;27.25;60.28125;;;;;25.234375;;;28.28125;93.4375;54.1875;;;;35.375;-0.3845454545454546;6.53;1
2000-07-31;;19.8125;;;20.99411;;;26.0;;;29.1875;;;;29.125;;70.25;27.671875;55.4375;;;;39.03125;24.3125;;;28.71875;89.4375;51.3125;;;;37.296875;-0.2849999999999999;6.54;1
2000-08-31;;20.265625;;;23.126524;;;24.921875;;;32.375;;;;30.15625;;79.6875;28.75;54.0625;;;;39.53125;24.015625;;;31.5625;101.625;56.53125;;;;36.734375;-0.4026086956521738;6.5;1
2000-09-30;;18.171875;;;23.558083;;;24.890625;;;32.765625;;;;29.0625;;86.96875;32.28125;51.1875;;;;38.132813;24.984375;;;30.5625;88.75;46.375;;;;37.875;-0.2825;6.52;1
2000-10-31;;19.765625;;;23.354996;;;24.578125;;;31.875;;;;29.5;;82.90625;34.15625;51.6875;;;;36.40625;26.71875;;;31.25;81.703125;43.71875;;;;35.275002;-0.1738095238095238;6.51;1
2000-11-30;;19.265625;;;22.16186;;;23.96875;;;30.203125;;;;26.8125;;82.84375;34.140625;42.0625;;;;36.21875;27.640625;;;30.1875;62.984375;34.75;;;;36.0;-0.1580952380952381;6.51;1
2000-12-31;;21.421875;;;23.964256;;;25.59375;;;33.1875;;;;27.25;;88.78125;33.1875;38.8125;;;;38.34375;28.5625;;;31.25;58.375;31.3125;;;;37.974998;-0.1115;6.4;1
2001-01-31;;20.85;;;23.907393;;;28.57;;;32.130001;;;;29.219999;;80.0;31.32;45.549999;;;;38.25;26.48;;;31.370001;64.300003;37.299999;;;;38.150002;0.40095238095238095;5.98;0
2001-02-28;;21.120001;;;22.298944;;;26.530001;;;31.74;;;32.302082;28.66;;81.900002;31.969999;40.0;;;;34.310001;26.639999;;;29.49;47.450001;28.01;;;;37.625;0.44210526315789467;5.49;0
2001-03-31;;19.969999;;;21.559708;;;26.09;;;30.700001;;;25.46875;26.82;;81.58000200000002;31.290001;36.82;;;;32.240002000000004;24.719999;;;26.59;39.150002;24.799999;;;;37.470001;0.5431818181818181;5.31;0
2001-04-30;;22.1;;;22.339561;;;27.299999;;;33.869999;;;30.416666;28.799999;;85.980003;32.799999;38.48;;;;34.220001;25.200001;;;29.629999;46.150002;28.809999;;;;38.68;0.907;4.8;0
2001-05-31;;22.950001;;;23.322502;;;27.950001;;;33.549999;;;33.049999;29.9;;84.400002;33.029999;37.950001;;;;33.450001;25.57;;;30.870001;44.73;27.629999;;;;39.564999;1.1313636363636366;4.21;0
2001-06-30;;22.059999;;;23.070675;;;27.67;;;30.35;;;33.266666;29.549999;;78.209999;31.15;36.73;;;;31.6;24.309999;;;28.9;45.700001;28.17;;;;41.165001;1.2042857142857142;3.97;0
2001-07-31;;22.0;;;22.851341;;;28.9;;;30.0;;;29.0;28.959999;;74.620003;30.870001;37.57;;;;31.4;25.049999;;;28.84;41.759998;26.219999;;;;40.455002;1.1976190476190478;3.77;0
2001-08-31;;21.91;;;21.340374;;;26.370001;;;28.73;;;29.266666;27.49;;73.459999;29.77;33.740002000000004;;;;30.5;25.17;;;27.85;36.630001;23.02;;41.073334;;41.549999;1.2139130434782608;3.65;0
2001-09-30;;19.200001;;;20.04874;;;22.969999;;;25.82;;;24.783333;23.5;;66.400002;29.26;33.720001;;;;27.174999;25.059999;;;23.67;28.98;19.25;;38.450001;;39.630001;1.612941176470588;3.07;0
2001-10-31;;19.719999;;;19.76442;;;24.18;;;26.860001;;;28.766666;23.620001;;64.150002;27.719999;29.98;;;;27.775;24.9;;;24.09;33.900002;21.35;;37.096668;;37.209999;1.8409090909090915;2.49;0
2001-11-30;;22.219999;;;21.047928;;;27.4;;;25.360001;;;31.516666;26.360001;;61.860001;27.370001;30.709999;;51.880001;;28.85;26.0;;;26.5;39.650002;24.540001;;39.356667;;39.650002;1.869;2.09;0
2001-12-31;;21.42;;;21.364744;;;28.6;;;26.700001;;;30.35;26.950001;;63.970001;28.030001;31.530001;;51.66;;29.545;25.4;;;27.700001;38.91;24.0;;39.560001;;39.900002;1.9805;1.82;0
2002-01-31;;21.92;;;21.12104;;;29.540001;;;25.75;;;26.1;26.75;;61.450001;27.02;28.549999;;46.169998;;28.280001;25.23;;;25.950001;38.509998;23.74;;39.189999;;39.945;2.0076190476190474;1.73;0
2002-02-28;;23.08;;;20.755484;;;29.700001;;;26.629999;;;24.816668;27.98;;60.75;26.969999;26.4;;44.34;;28.125;25.76;;;26.6;33.779999;20.65;;40.150002;;40.735001;1.896315789473684;1.74;0
2002-03-31;;23.709999;;;22.055239;;;30.040001;;;28.889999;;;25.700001;29.59;;66.25;28.18;26.200001;;44.849998;;29.5;26.1;;;27.24;36.060001;21.67;;42.316666;;42.599998;1.7265;1.73;0
2002-04-30;;22.59;;;21.49472;;;29.200001;;;27.85;;;21.633333;29.41;;65.550003;26.469999;22.389999;;39.889999;;29.540001;25.129999;;;25.360001;31.73;19.049999;;42.23;;42.724998;1.788181818181818;1.75;0
2002-05-31;;23.709999;;;21.429731;;;29.049999;;;27.360001;;;19.316668;29.82;;62.450001;26.25;22.469999;;40.389999;;29.165001;24.85;;;25.469999;30.040001;18.26;;42.973331;;43.549999;1.900454545454545;1.75;0
2002-06-30;;23.190001;;;20.422421;;;27.469999;;;26.200001;;;17.0;27.68;;58.93;24.25;18.700001;;35.59;;28.25;22.25;;;23.85;26.1;15.82;;43.666668;;43.599998;1.9335;1.75;0
2002-07-31;;20.559999;;;18.724613;;;24.190001;;;22.57;;;17.200001;26.879999;;51.23;20.68;16.35;;33.82;;25.825001;21.299999;;;22.5;23.85;14.32;;41.25;;41.544998;2.0963636363636358;1.73;0
2002-08-31;;20.450001;;;19.073923;;;24.92;;;22.91;;;16.333334;27.139999;;53.290001;21.5;16.799999;;34.009998;;25.030001;21.469999;;;22.15;23.49;14.2;;41.34333400000001;;41.695;2.1236363636363644;1.74;0
2002-09-30;;17.690001000000006;;;16.791227;;;22.67;;;21.16;;;15.416667000000002;25.379999;;46.169998;18.67;14.04;;29.190001;;22.049999;19.790001;;;19.52;20.719999;11.83;;39.233334;;39.075001;1.8655;1.75;0
2002-10-31;;18.700001;;;18.326563;;;24.200001;;;21.549999;;;17.033333;26.860001;;46.200001;18.24;18.48;;35.74000200000001;;23.924999;20.559999;;;20.48;24.549999;14.76;;36.833332;;37.494999;2.0290909090909093;1.75;0
2002-11-30;;20.950001;;;19.008936;;;25.32;;;22.440001;;;18.626667;27.690001;;46.700001;18.77;20.690001;;39.380001;;25.174999;19.99;;;21.549999;27.719999;17.1;;38.700001;;39.310001;2.1252631578947367;1.34;0
2002-12-31;;19.84;;;17.871648999999994;;;23.110001;;;22.33;;;16.450001;26.549999;;47.880001;19.15;19.059999;;36.740002;;23.74;19.940001;;;20.59;24.370001;14.8;;38.759998;;38.650002;2.196190476190476;1.24;0
2003-01-31;;18.85;;;17.644192;;;22.34;;;21.77;;;16.190001000000002;26.459999;;46.330002;18.700001;18.16;;35.650002;;22.844999;19.26;;;19.48;24.440001;14.45;;37.57;;37.224998;2.3052380952380958;1.24;0
2003-02-28;;18.35;;;17.099918;;;22.24;;;22.41;;;15.95;25.870001;;44.139999;17.700001;16.950001;;34.200001;;21.655001;18.67;;;19.18;25.16;14.52;;38.27;;37.945;2.274736842105263;1.26;0
2003-03-31;;18.379999;;;16.864338;;;22.73;;;22.32;;;17.066668;26.719999;;45.73;18.4;16.860001;;33.810001;;21.465;18.57;;;19.309999;25.25;14.3;;38.876667;;38.325001;2.2333333333333334;1.25;0
2003-04-30;;20.040001;;;18.984566;;;25.389999;;;22.129999;;;19.1;27.6;;49.02;19.99;18.469999;;37.400002;;24.495001;19.120001;;;21.4;27.450001;15.61;;40.0;;39.705002;2.3361904761904766;1.26;0
2003-05-31;;20.66;;;19.95126;;;26.74;;;24.48;;;22.686666;28.17;;54.150002;22.01;19.969999;;40.5;;26.174999;20.059999;;;21.98;29.790001;16.950001;;42.096668;;42.174999;2.153809523809523;1.26;0
2003-06-30;;20.73;;;19.943136;;;27.09;;;24.049999;;;22.33;29.33;;54.200001;22.120001;20.690001;;40.549999;;26.389999;20.16;;;22.389999;29.950001;17.07;;42.599998;;42.299999;2.107142857142857;1.22;0
2003-07-31;;22.360001;;;20.812347;;;27.59;;;23.200001;;;24.383333;28.889999;;51.279999;20.639999;19.73;;39.5;;26.67;20.129999;;;23.129999;31.799999;17.6;;44.900002;;44.625;2.501363636363637;1.01;0
2003-08-31;;22.98;;;20.568644;;;29.0;;;24.68;;;24.586666;27.82;;51.540001;21.049999;19.799999;;39.599998;;26.51;20.469999;;;24.030001;33.389999;18.440001;;45.169998;;45.0;2.5809523809523807;1.03;0
2003-09-30;;21.83;;;20.641754;;;27.58;;;24.049999;;;23.916666;27.809999;;53.610001;21.9;19.07;;39.5;;27.135;20.32;;;23.290001;32.419998;18.280001;;46.066666;;45.705002;2.568095238095238;1.01;0
2003-10-31;;23.91;;;22.071487;;;30.09;;;24.280001;;;23.663334;28.0;;54.369999;22.049999;20.139999;;41.240002;;29.049999;21.24;;;24.73;35.18;19.620001;;46.779999;;46.5;2.542727272727273;1.01;0
2003-11-30;;24.450001;;;21.990252;;;30.360001;;;24.469999;;;23.116667;28.6;;54.650002;22.1;19.799999;;42.470001;;30.225;21.49;;;25.219999;35.380001;19.9;;48.863335;;48.52;2.373333333333333;1.0;0
2003-12-31;;26.690001;;;22.851341;;;31.49;;;27.549999;;;23.983334;30.15;;57.59;23.33;21.049999;;45.529999;;32.075001;21.780001;;;26.76;36.459999;20.379999;;49.926666;;49.634998;2.360454545454545;0.98;0
2004-01-31;;25.51;49.220001;49.869999;23.5987;;48.52;31.309999;;;28.17;;50.049999;25.616667;30.98;49.84;58.650002;23.809999;21.629999;;47.389999;50.650002;32.625;21.780001;;;27.030001;37.07;21.25;49.080002;51.860001;;51.654999;2.3895;1.0;0
2004-02-29;;26.84;51.619999;51.32;24.272949;;49.799999;31.99;;;29.65;;50.68;25.833334;31.309999;50.459999;59.740002;24.26;22.309999;;47.919998;53.549999;33.705002;23.02;;;26.83;36.57;20.709999;47.25;52.633335;;52.584999;2.34421052631579;1.01;0
2004-03-31;;26.129999;50.849998;51.040001;23.883022;;49.860001;31.75;;;29.34;;48.959999;25.763334;29.93;51.049999;59.959999;24.32;21.629999;;46.790001;53.220001;32.509998;22.879999;;;26.41;35.84;20.16;46.029999;55.266666;;54.724998;2.2486956521739128;1.0;0
2004-04-30;;24.92;48.689999;48.0;22.843218;;49.0;31.389999;;;29.84;;50.650002;25.92;30.860001;49.279999;57.669998;23.280001;21.52;;45.889999;54.130001;31.9;23.18;;;26.4;34.77;19.389999;43.529999;47.003334;;46.549999;2.276666666666667;1.0;0
2004-05-31;;25.620001;49.52;49.25;23.233143;;48.91;31.59;;;29.75;;50.259998;25.200001;30.76;49.650002;58.259998;23.559999;20.969999;;44.209999;53.549999;32.529999;23.049999;;;27.049999;36.549999;20.15;45.669998;50.933334;;49.720001;2.1819999999999995;1.0;0
2004-06-30;;26.780001;52.400002;49.77;23.216896;;49.110001;31.629999;;;31.48;;50.279999;25.033333;30.559999;50.540001;58.779999;23.76;21.360001;;44.759998;54.16;33.259998;23.09;;;28.66;37.740002;20.700001;46.59;51.630001;;50.514999;1.9704761904761905;1.03;0
2004-07-31;;26.17;51.27;48.57;22.721365;;46.889999;30.43;;;32.450001;;46.959999;22.616667;28.92;50.93;59.209999;24.120001;22.110001;;44.720001;51.209999;32.0;21.950001;;;27.860001;34.889999;19.440001;42.639999;51.459999;;50.650002;1.8595238095238091;1.26;0
2004-08-31;;26.610001;52.09;50.41;23.460602;;46.82;30.370001;;;31.950001;;47.709999;22.566668;29.389999;52.98;61.68;25.1;22.24;;45.07;52.200001;32.345001;22.34;;;27.879999;34.02;18.58;40.68;55.90333199999999;;54.825001;1.7731818181818182;1.43;0
2004-09-30;;27.549999;54.669998;50.439999;23.119415;;48.400002;31.200001;;50.419998;34.93;;47.389999;23.309999;28.790001;53.630001;61.860001;25.049999;22.620001;49.43;46.150002;50.939999;33.345001;21.66;49.610001;;28.379999;35.139999;19.120001;41.720001;54.886665;50.25;53.98;1.6004761904761904;1.61;0
2004-10-31;;27.290001;53.959999;50.950001;23.241268;;50.060001;32.459999;;50.349998;35.139999;;46.509998;22.690001;28.15;56.009998;64.519997;26.27;22.940001;50.709999;48.689999;51.349998;34.744999;21.799999;50.130001;;28.67;36.900002;19.959999;43.950001;57.983334;53.099998;56.755001;1.5125;1.76;0
2004-11-30;;29.51;59.169998;52.77;23.964256;;52.740002;33.82;;54.139999;37.509998;;47.669998;23.5;28.700001;58.459999;67.300003;27.440001;23.870001;53.380001;51.889999;53.41;36.884998;22.34;53.59;;30.469999;39.119999;20.98;46.439999;60.290001;55.200001;59.165001;1.3419999999999999;1.93;0
2004-12-31;;29.73;58.889999;53.810001;24.800974;;55.16;35.29000100000001;;52.41;36.32;;50.279999;25.133333;30.190001;58.560001;68.699997;27.85;24.299999;54.900002;53.490002;54.57;37.625;23.08;54.900002;;31.07;39.919998;21.110001;47.060001;62.52666899999999;56.549999;61.599998;1.2190909090909092;2.16;0
2005-01-31;;28.82;57.0;52.169998;24.264826;;53.02;33.779999;;54.369999;37.549999;;48.630001;23.746666;29.25;59.18;69.68;28.440001;22.98;51.860001;50.599998;55.200001;37.02;23.35;53.23;;30.200001;37.400002;19.92;44.240002;57.16666800000001;51.709999;56.349998;0.9990000000000002;2.28;0
2005-02-28;;31.09;61.799999;52.009998;24.102356;;52.990002;33.599998;;63.369999;43.849998;;50.130001;22.766666;30.129999;60.470001;71.190002;29.049999;23.379999;52.84;51.290001;55.5;38.650002;23.32;54.040001;;30.549999;37.220001;19.950001;44.490002;58.94666700000001;53.349998;58.23;0.7805263157894737;2.5;0
2005-03-31;;30.16;59.560001;50.209999;23.062551000000006;;52.560001;33.16;;61.599998;42.869999;;49.869999;21.183332;29.860001;60.68;71.290001;29.15;22.9;51.369999;49.84;55.200001;37.700001;23.02;53.98;;30.43;36.57;19.559999;43.450001;57.693333;51.82;56.099998;0.770909090909091;2.63;0
2005-04-30;;28.01;55.080002;49.650002;23.103168;;49.009998;31.049999;;57.779999;40.549999;;51.48;21.156666;30.9;62.009998;73.019997;30.049999;22.959999;50.849998;49.400002;54.529999;37.075001;22.780001;51.849998;;29.32;34.98;18.870001;41.5;61.033333;54.810001;59.255001;0.687142857142857;2.79;0
2005-05-31;;27.83;55.080002;51.799999;23.78554;;52.529999;32.970001;;59.599998;41.68;;52.349998;22.233334;31.290001;62.98;73.940002;30.030001;23.16;52.34;49.25;56.07;36.865002;23.309999;53.77;;30.25;38.080002;20.18;45.099998;63.259998;56.740002;61.474998;0.5004761904761905;3.0;0
2005-06-30;;27.139999;54.459999;52.919998;23.939886;;53.0;32.779999;;63.759998;44.450001;;52.380001;22.633333;31.030001;65.839996;77.349998;31.559999;23.4;53.84;49.57;55.150002;37.25;22.75;52.889999;;29.379999;36.779999;19.92;44.400002;65.599998;58.700001;63.599998;0.3577272727272727;3.04;0
2005-07-31;;28.639999;57.799999;53.720001;24.313566;;55.799999;34.639999;;68.41999799999999;47.599998;;53.880001;25.333334;31.73;67.339996;78.970001;32.27;24.17;56.41;51.619999;56.959999;38.485001;23.48;55.259998;;30.5;39.580002;21.049999;47.040001;70.66333;62.889999;67.800003;0.3065;3.26;0
2005-08-31;;27.440001;55.740002;52.490002;23.915516;;53.27;33.5;;72.699997;50.639999;;53.75;25.42;31.620001;67.75;79.650002;32.48;23.889999;54.700001;51.900002;55.82;39.650002;23.07;53.75;;29.780001;38.98;20.85;46.759998;67.76666999999999;60.34;64.889999;0.21826086956521734;3.5;0
2005-09-30;;27.5;56.099998;52.66;23.980503;;52.200001;32.490002000000004;;77.519997;53.669998;;53.459999;25.666666;31.35;69.910004;82.139999;33.599998;23.66;55.139999;51.75;56.57;40.275002;23.280001;55.029999;;30.16;39.459999;20.9;47.09;67.260002;60.450001;64.269997;0.2528571428571429;3.62;0
2005-10-31;;27.559999;55.599998;53.639999;24.711617;;50.900002;31.83;;70.58000200000002;48.82;;51.950001;24.746666;30.389999;65.199997;76.349998;31.450001;23.129999;54.619999;51.189999;56.09;39.049999;23.17;54.5;;29.73;38.869999;20.42;46.130001;65.900002;58.709999;62.299999;0.19250000000000006;3.78;0
2005-11-30;;29.67;59.68;56.32;25.889521;;53.080002;33.099998;;71.739998;49.549999;;53.0;25.57;30.76;65.190002;76.309998;31.4;23.870001;57.48;50.130001;56.5;39.650002;23.379999;57.59;;31.459999;41.240002;21.709999;49.380001;69.129997;61.150002;65.25;0.11850000000000002;4.0;0
2005-12-31;;30.280001;59.939999;56.009998;25.727051;;52.59;32.650002;;72.190002;50.310001;;54.02;25.746666;31.719999;65.139999;76.459999;31.389999;22.860001;54.459999;48.66;55.93;40.384998;23.290001;57.459999;;31.42;40.41;20.9;48.380001;67.5;59.560001;64.150002;0.06285714285714288;4.16;0
2006-01-31;;31.74;63.57;56.869999;25.954508;;53.5;33.23;;82.550003;57.66;;55.029999;26.77;32.130001;66.989998;78.41999799999998;32.150002;23.75;57.360001;49.139999;56.200001;42.73;23.33;58.57;;31.51;42.0;21.6;50.330002;72.83000200000002;64.050003;68.83000200000001;0.0205;4.29;0
2006-02-28;;31.059999;62.630001;57.970001;26.506905;;53.740002;33.470001;;75.050003;52.34;;55.619999;28.036667;32.5;67.550003;79.120003;32.57;24.92;59.700001;49.470001;56.779999;42.814999;23.530001;60.299999;;32.490002000000004;41.099998;21.65;49.77;74.269997;65.239998;70.050003;-0.0994736842105263;4.49;1
2006-03-31;;32.349998;65.879997;58.369999;26.441917;;54.599998;33.66;;78.589996;54.400002;;55.209999;27.459999;31.98;64.529999;75.629997;30.83;25.879999;62.580002;51.509998;57.450001;44.424999;23.6;63.07;;33.799999;41.93;22.139999;50.939999;77.800003;67.91999799999999;73.5;-0.010000000000000005;4.59;1
2006-04-30;;33.5;67.779999;60.09;27.587328000000007;;55.0;34.09;;82.83000200000002;57.139999;;53.400002;25.883333;30.99;65.699997;76.720001;31.32;25.559999;62.560001;52.810001;57.860001;46.740002;23.83;64.360001;;34.529999;41.849998;21.85;50.509998;74.779999;65.610001;71.099998;0.10157894736842103;4.79;0
2006-05-31;38.849998;32.150002;64.629997;57.990002;26.547522;;53.540001;33.52;;80.339996;55.549999;;52.09;24.4;30.34;66.410004;77.720001;31.83;24.82;60.049999;51.950001;58.119999;45.349998;23.879999;62.790001;48.139999;33.939999;38.82;20.43;46.75;72.559998;63.84;68.75;0.14181818181818182;4.94;0
2006-06-30;38.700001;32.099998;64.389999;57.68;26.271324;48.189999;53.330002;33.389999;;82.0;56.75;38.990002;52.349998;24.233334;30.24;67.58000200000001;79.050003;32.290001000000004;25.65;62.060001;52.5;58.91;45.674999;24.190001;62.599998;47.169998;33.810001;38.77;20.33;46.23;75.980003;66.300003;71.25;-0.015454545454545457;4.99;1
2006-07-31;38.759998;30.9;61.939999;58.759998;26.872461;48.619999;51.09;32.279999;;84.66999799999998;58.650002;39.849998;54.450001;23.83;31.889999;70.900002;82.790001;33.84;26.190001;63.290001;53.970001;59.75;46.575001;24.57;59.110001;47.5;31.889999;37.099998;19.799999;44.330002;78.75;68.879997;73.849998;-0.031000000000000007;5.24;1
2006-08-31;40.59;31.83;63.630001;59.619999;27.189278;48.970001;52.330002;32.919998;;80.889999;55.669998;38.639999;55.970001;24.58;32.799999;72.720001;85.099998;34.77;26.809999;65.389999;54.799999;62.0;47.974998;25.52;59.810001;47.650002;32.25;38.869999;21.190001;47.689999;81.269997;71.279999;76.050003;-0.02695652173913044;5.25;1
2006-09-30;35.650002;31.639999;63.84;61.490002;28.123476;48.84;55.419998;34.950001;;77.900002;53.450001;35.529999;56.630001;24.593334;33.189999;70.690002;82.879997;33.990002000000004;27.68;68.370003;57.700001;62.119999;48.294998;25.379999;61.740002;48.82;33.34;40.650002;22.0;49.450001;82.150002;72.0;77.150002;-0.05000000000000001;5.25;1
2006-10-31;37.959999;33.540001000000004;67.809998;63.110001;28.781479;48.799999;58.900002;37.209999;;81.529999;55.73;37.66;57.139999;26.52;33.299999;74.529999;87.300003;35.79000100000001;28.700001;70.870003;61.330002;63.360001;50.174999;25.83;63.799999;50.700001;34.279999;42.580002;22.870001;51.419998;87.099998;76.339996;82.150002;-0.06666666666666668;5.25;1
2006-11-30;41.98;35.0;71.199997;63.919998;28.984566;49.619999;60.029999;37.68;;88.589996;60.509998;41.209999;57.119999;26.693333000000006;33.259998;76.739998;89.449997;36.740002;28.52;71.559998;62.18;63.209999;51.974998;25.610001;65.650002;52.799999;35.119999;44.040001;23.52;53.209999;91.370003;79.989998;85.949997;-0.14523809523809522;5.25;1
2006-12-31;39.91;34.84;70.510002;65.5;29.845654;50.119999;60.799999;38.360001;;85.010002;58.630001;38.07;56.939999;25.92;33.490002000000004;76.809998;89.870003;36.720001;29.65;73.510002;63.310001;63.84;52.485001;26.120001;65.43;53.439999;35.009998;43.16;23.26;52.529999;87.849998;77.0;83.349998;-0.109;5.24;1
2007-01-31;39.599998;36.25;74.379997;66.150002;30.121853;49.360001;62.720001;39.459999;;84.08000200000002;58.09;39.220001;58.830002;26.613333;34.509998;76.75;89.620003;36.59;30.75;76.800003;64.849998;65.239998;53.084999;26.65;66.870003;55.439999;35.74000200000001;44.07;23.73;53.34;95.669998;83.760002;91.400002;-0.11666666666666665;5.25;1
2007-02-28;39.990002;37.220001;76.279999;64.230003;29.203899;48.919998;61.27;38.279999;;82.910004;56.900002;38.66;57.639999;25.743334;33.709999;80.309998;93.669998;38.529999;30.6;75.739998;64.589996;64.300003;52.400002;26.24;66.519997;55.450001;35.34;43.330002;23.09;52.16;93.389999;81.5;88.129997;-0.1263157894736842;5.26;1
2007-03-31;39.57;38.049999;77.760002;63.439999;28.943949;48.119999;61.099998;38.029999;;88.160004;60.279999;40.73;57.810001;25.26;33.650002;83.33000200000002;97.110001;39.700001;31.120001;76.68;65.690002;65.650002;54.169998;26.65;66.800003;56.52;35.549999;43.529999;23.32;52.380001;90.449997;79.349998;85.239998;-0.0090909090909091;5.26;1
2007-04-30;39.560001;38.619999;80.199997;65.660004;30.064987;47.150002;62.73;38.93;;92.889999;63.369999;43.25;61.369999;27.306667;36.110001;86.599998;101.040001;41.650002;31.780001;77.529999;67.839996;67.760002;57.450001;27.4;69.949997;58.580002;37.200001;45.959999;24.42;55.0;90.379997;79.25;85.489998;0.027619047619047626;5.25;0
2007-05-31;39.16;40.900002;84.75;67.199997;30.787977;47.580002;64.540001;40.099998;;99.790001;68.300003;46.5;62.43;27.126667;36.73;87.5;101.989998;41.84;34.630001;84.300003;72.300003;68.699997;58.700001;27.77;73.900002;62.470001;39.130001;47.41;25.65;57.290001;90.349998;78.949997;85.620003;-0.02;5.25;1
2007-06-30;37.889999;40.5;84.410004;63.849998;29.390739;45.880001;63.470001;39.330002;;101.129997;68.989998;45.869999;60.330002;26.040001;35.310001;82.5;96.300003;39.580002;33.709999;82.639999;71.83000200000002;67.470001;58.465;27.049999;73.83000200000002;62.830002;39.040001;47.599998;25.6;57.619999;81.150002;70.949997;77.41999799999998;0.1223809523809524;5.25;0
2007-07-31;39.939999;39.419998;82.089996;58.759998;26.726238;41.639999;59.830002;37.0;;100.470001;69.0;43.93;57.900002;25.43;33.630001;79.07;92.550003;38.0;33.400002;80.910004;70.160004;65.589996;56.955002;26.280001;74.41999799999998;63.73;39.41;47.529999;25.549999;56.869999;74.489998;65.089996;70.400002;0.18523809523809526;5.26;0
2007-08-31;37.650002;39.150002;82.139999;60.330002;27.416735;44.599998;59.98;37.23;;101.080002;69.83000200000001;43.110001;59.599998;26.35;34.400002;81.349998;94.199997;38.599998;33.189999;80.559998;72.870003;67.25;56.68;26.9;73.959999;65.089996;39.419998;48.869999;26.040001;58.509998;78.699997;69.480003;74.099998;0.3617391304347826;5.02;0
2007-09-30;45.349998;42.110001;87.940002;60.880001;27.879772;44.029999;59.849998;36.830002;;108.660004;74.800003;47.029999;61.43;27.666666;35.349998;83.010002;96.900002;39.799999;33.849998;83.07;77.790001;70.110001;59.599998;27.98;77.010002;69.629997;41.080002;51.41;26.969999;60.599998;81.209999;71.459999;76.470001;0.51;4.94;0
2007-10-31;50.599998;43.860001;91.870003;60.0;27.400488;42.099998;60.049999;36.650002;;111.029999;76.699997;52.91;62.689999;28.870001;36.009998;88.370003;103.050003;42.450001;32.34;82.32;82.93;71.389999;62.299999;28.41;77.57;70.970001;40.549999;55.029999;28.4;64.699997;81.959999;72.959999;77.050003;0.56;4.76;0
2007-11-30;46.360001;41.650002;87.610001;55.720001;25.182777;40.060001;56.439999;34.650002;;106.379997;73.470001;48.52;62.919998;28.086666;36.470001;88.099998;102.75;42.73;29.25;76.57;79.150002;72.75;60.224998;29.190001;74.519997;68.800003;39.400002;51.310001;26.26;59.540001;74.059998;66.050003;70.019997;0.812;4.49;0
2007-12-31;45.830002;41.700001;87.940002;52.650002;23.501219;37.080002;53.18;32.700001;;113.5;79.349998;52.0;60.619999;27.059999;35.310001;87.58000200000002;102.410004;42.330002;29.52;75.269997;77.43;70.790001;57.169998;28.799999;73.089996;67.93;39.16;51.220001;26.66;60.119999;69.300003;61.459999;65.699997;0.9804999999999998;4.24;0
2008-01-31;50.349998;39.950001;83.779999;51.93;23.671812;38.73;51.990002;32.580002;;100.919998;69.599998;48.040001;57.439999;26.066668;33.700001;81.480003;95.349998;39.220001;26.26;67.07;71.730003;67.040001;52.139999;27.200001;69.190002;62.209999;37.0;45.130001;23.25;52.189999;68.720001;60.98;65.769997;1.2685714285714285;3.94;0
2008-02-29;53.119999;40.869999;86.610001;47.25;20.982941;34.25;49.52;31.32;;109.669998;76.050003;54.48;56.200001;25.413334;32.799999;78.449997;92.220001;37.610001;23.610001;61.459999;67.510002;67.029999;51.895;27.129999;67.730003;60.299999;36.25;42.950001;22.15;50.650002;66.33000200000001;59.040001;63.009998;1.7645;2.98;0
2008-03-31;47.700001;40.169998;84.940002;45.759998;20.203087;35.139999;48.950001;30.719999;;106.940002;74.059998;53.75;53.610001;25.26;31.17;78.32;91.949997;37.939999;23.370001;61.880001;67.019997;68.809998;52.505001;27.860001;69.110001;59.07;37.400002;43.720001;22.4;50.84;70.010002;62.389999;65.099998;1.8929999999999996;2.61;0
2008-04-30;43.599998;42.310001;89.980003;48.48;21.616571;34.43;51.110001;31.450001;;118.800003;81.75;58.889999;54.389999;25.873333;31.48;82.5;97.32;39.880001;25.280001;65.870003;69.949997;68.68;54.830002;27.65;71.110001;63.740002;38.5;47.209999;23.799999;54.490002;74.550003;66.370003;68.879997;1.6277272727272731;2.28;0
2008-05-31;46.02;44.509998;95.199997;46.209999;20.113729;33.02;51.560001;32.310001;;124.970001;86.0;64.769997;55.619999;26.5;32.080002;85.68;100.699997;41.310001;26.889999;69.16999799999999;71.400002;69.849998;55.055;28.49;72.610001;64.769997;38.84;50.009998;25.35;57.959999;74.33000200000002;66.230003;69.440002;1.4342857142857142;1.98;0
2008-06-30;48.59;41.73;90.010002;38.009998;16.458164;26.629999;45.040001;28.48;;129.270004;88.480003;70.279999;53.09;25.613333;30.58;83.93;99.110001;40.700001;24.09;62.240002;63.68;65.160004;48.610001;26.75;64.489998;54.240002;34.009998;45.169998;22.91;52.759998;65.459999;58.419998;60.799999;1.3257142857142858;2.0;0
2008-07-31;43.48;40.380001;86.629997;40.900002;17.571081;30.27;45.27;28.530001;;110.599998;74.400002;54.080002;56.310001;29.633333;31.950001;78.639999;92.110001;38.080002;23.26;60.720001;61.830002;67.230003;47.360001;27.4;65.660004;56.310001;34.279999;45.459999;22.35;52.07;67.370003;60.240002;62.299999;1.4345454545454546;2.01;0
2008-08-31;37.639999;39.75;84.290001;40.849998;17.400488;32.099998;48.389999;30.5;;109.849998;74.650002;55.029999;57.369999;28.633333;32.610001000000004;78.220001;91.410004;37.66;23.92;61.98;60.360001;69.059998;45.48;28.139999;66.610001;58.91;35.220001;46.119999;22.75;53.439999;68.769997;61.669998;63.43;1.4652380952380957;2.0;0
2008-09-30;33.790001000000004;33.400002;68.309998;39.279999;16.157595;35.5;44.09;27.9;;93.230003;63.299999;44.830002;53.900002;27.120001;30.049999;68.66999799999999;78.839996;33.23;20.370001;53.349998;54.77;67.949997;39.860001;27.6;58.110001;50.939999;30.799999;38.91;19.85;46.400002;67.57;60.799999;61.950001;1.61;1.81;0
2008-10-31;20.950001;25.92;52.27;30.75;12.61576;32.900002;34.950001;22.98;;74.540001;51.400002;34.009998;46.860001;23.803333;26.6;60.970001;70.480003;28.91;16.190001000000002;45.389999;46.68;60.110001;31.389999;24.120001;46.759998;43.59;25.18;32.889999;16.65;38.07;46.459999;41.509998;42.549999;2.2018181818181817;0.97;0
2008-11-30;26.57;23.15;46.290001;25.77;10.284322;29.66;30.870001;20.49;;72.440002;50.279999;31.08;43.240002;21.783333;24.92;62.639999;71.339996;30.120001;16.530001000000002;45.209999;48.639999;58.400002;29.280001;24.07;42.689999;39.27;23.110001;29.120001;15.25;33.639999;35.34;32.080002;33.380001;2.3138888888888887;0.39;0
2008-12-31;33.880001;22.74;45.400002;25.889999;10.170592999999998;29.16;32.240002000000004;21.57;;67.360001;47.77;29.639999;45.700001;23.683332;26.549999;61.049999;69.349998;29.030001;16.48;44.82;51.330002;57.849998;31.139999;23.870001;42.84;41.279999;23.42;29.74;15.41;34.049999;40.529999;36.450001;37.23;1.5954545454545457;0.16;0
2009-01-31;34.23;21.059999;42.049999;19.780001;7.506092999999999;20.74;28.950001;19.280001;;66.08000200000001;46.919998;29.91;44.919998;23.576666;26.23;60.290001;68.550003;28.98;15.38;42.09;44.419998;53.450001;26.549999;22.15;37.490002;40.139999;20.610001;29.059999;14.68;32.900002;33.290001000000004;30.059999;31.34;1.7105;0.15;0
2009-02-28;33.360001000000004;19.370001;38.389999;16.440001000000002;6.173842;18.200001;26.77;17.530001000000002;;58.0;41.130001;26.01;39.619999;21.023333;22.98;52.529999;59.93;25.35;15.1;40.720001;42.799999;49.529999;23.719999;20.360001;31.15;32.43;17.1;27.530001;14.12;31.57;26.030001;23.889999;25.139999;1.8947368421052633;0.22;0
2009-03-31;36.880001;22.209999;43.919998;18.790001;7.156783;19.219999;30.110001;19.65;;60.240002;42.459999;26.6;41.950001;22.116667;24.209999;53.16;60.860001;25.549999;15.94;43.669998;43.830002;51.380001;25.58;21.1;33.849998;33.529999;18.43;30.32;15.62;35.23;26.389999;24.280001;25.459999;1.8881818181818184;0.18;0
2009-04-30;32.91;25.67;51.009998;22.4;8.716491;20.860001;35.98;23.290001;;65.900002;45.779999;30.860001;42.310001;21.83;24.18;54.009998;61.57;25.85;17.219998999999998;46.98;44.93;54.400002;28.84;22.0;40.34;39.43;21.76;34.279999;17.25;39.790001;34.740002000000004;31.73;33.0;2.0;0.15;0
2009-05-31;44.16;27.17;54.41;24.530001;9.935012;19.99;35.869999;23.120001;;75.160004;51.68;36.130001;44.990002;22.543333;25.83;56.02;64.139999;26.77;17.84;48.66;48.119999;57.32;32.700001;23.120001;41.52;41.98;22.49;35.380001;17.65;40.82;36.18;32.560001;33.75;2.3635;0.18;0
2009-06-30;37.810001;25.799999;52.029999;24.08;9.707555;18.24;36.07;23.08;;69.970001;48.049999;31.719999;46.540001;24.253334;26.309999;58.43;66.809998;27.889999;17.790001;49.720001;47.560001;57.68;31.379999;22.99;40.84;40.790001;21.959999;36.380001;18.209999;42.580002;33.939999;31.01;32.419998;2.5377272727272726;0.21;0
2009-07-31;39.77;29.120001;58.580002;26.23;10.568644;20.82;39.709999;25.27;;73.849998;50.619999;34.919998;49.279999;26.25;27.870001;60.900002;69.790001;28.940001;18.01;50.91;51.110001;61.5;34.810001;24.52;44.66;42.09;23.879999;39.450001;19.700001;46.52;37.509998;34.349998;35.849998;2.5431818181818184;0.16;0
2009-08-31;39.509998;29.809999;60.25;29.389999;11.941511;21.200001;41.360001;26.16;;74.739998;51.169998;35.209999;50.330002;26.093334;28.620001;61.200001;70.360001;29.23;17.76;50.470001;51.66;62.07;36.689999;24.82;46.400002;44.73;25.02;40.029999;20.02;47.689999;43.029999;39.27;40.580002;2.4719047619047623;0.16;0
2009-09-30;45.290001;30.940001;63.639999;29.860001;12.136475;21.32;43.709999;27.469999;;79.809998;53.919998;38.66;51.349998;27.120001;28.67;61.610001;70.68;29.33;18.860001;54.560001;53.830002;64.260002;38.540001;25.459999;49.549999;48.049999;26.34;42.25;20.870001;49.900002;45.540001;41.450001;42.669998;2.4457142857142853;0.15;0
2009-10-31;42.369999;29.34;60.16;28.15;11.413485;20.34;42.34;26.82;;81.209999;55.25;38.450001;49.810001;24.459999;28.07;59.59;68.370003;28.389999;17.34;50.75;52.77;64.730003;37.66;25.83;47.169998;45.060001;25.290001;40.959999;20.610001;49.310001;43.529999;39.599998;40.549999;2.438571428571428;0.12;0
2009-11-30;51.110001;32.5;66.900002;29.26;11.909017;21.030001;45.0;28.620001;;83.589996;56.82;38.41;54.169998;26.136667000000006;30.68;62.34;71.440002;29.76;18.58;53.84;55.580002;67.209999;39.330002;26.780001;50.919998;48.41;27.51;43.560001;21.75;51.889999;46.5;42.200001;43.419998;2.5994736842105257;0.12;0
2009-12-31;46.209999;32.990002000000004;67.82;29.040001;11.697806;22.25;46.77;29.77;;83.370003;57.009998;41.209999;54.189999;27.276667;31.07;65.18;74.790001;31.02;20.02;56.509998;54.68;65.690002;38.959999;26.469999;51.580002;50.959999;27.790001;45.75;22.93;54.869999;49.209999;44.740002;45.919998;2.715454545454545;0.12;0
2010-01-31;40.720001;30.139999;62.290001;28.780001;11.51909;24.07;45.59;28.91;;79.800003;54.5;39.459999;54.419998;27.76;31.280001;62.25;71.440002;29.530001;18.219999;52.130001;51.099998;65.059998;36.389999;26.200001;50.470001;50.73;27.379999;42.790001;20.959999;50.380001;46.32;42.27;43.43;2.804210526315789;0.11;0
2010-02-28;43.889999;31.5;65.459999;29.790001;11.925264;24.530001;48.290001;30.52;;81.739998;56.139999;41.029999;54.709999;28.466667;31.4;61.650002;70.93;29.139999;18.709999;52.75;50.900002;67.040001;36.02;27.030001;52.959999;53.43;28.84;44.759998;21.690001;52.650002;48.950001;44.630001;45.799999;2.8342105263157893;0.13;0
2010-03-31;44.41;33.919998;70.779999;32.43;12.956945;26.219999;52.349998;32.84;;84.010002;57.52;42.130001;56.689999;30.313334;32.130001;62.919998;72.32;29.66;20.02;56.209999;53.110001;69.790001;38.34;27.93;57.549999;57.84;31.24;48.16;23.1;56.18;53.759998;48.810001;49.779999;2.768695652173913;0.16;0
2010-04-30;50.509998;33.990002000000004;71.510002;33.200001;13.127539;27.92;55.639999;34.82;;87.769997;59.91;44.68;55.150002;30.41;30.879999;64.800003;74.33000200000002;30.440001;20.379999;56.66;52.139999;69.059998;36.830002;27.629999;60.060001;58.919998;32.57;49.240002;23.389999;57.419998;57.450001;52.299999;52.959999;2.7863636363636366;0.2;0
2010-05-31;49.860001;30.75;65.120003;30.27;11.925264;25.209999;51.639999;32.369999;;77.290001;53.049999;40.970001;51.330002;27.076666;28.870001;61.0;70.010002;28.76;19.6;54.139999;48.540001;65.629997;32.639999;26.35;54.689999;53.57;29.6;45.599998;21.639999;52.830002;54.34;49.509998;49.950001;2.5895;0.2;0
2010-06-30;51.959999;28.370001;60.040001;28.219999;11.218521;23.09;46.450001;29.129999;;72.839996;49.68;38.990002;50.240002;25.84;28.200001;59.900002;68.739998;28.26;18.66;53.080002;47.82;63.91;31.35;25.5;50.869999;49.700001;27.43;42.709999;20.4;49.459999;51.009998;46.490002;47.209999;2.479545454545454;0.18;0
2010-07-31;48.220001;32.009998;67.209999;30.18;11.949635;23.77;50.18;31.440001;;78.690002;53.84;40.580002;50.73;27.01;28.57;64.290001;73.739998;30.370001;20.34;57.93;53.130001;67.93;35.68;26.98;55.919998;53.400002;30.290001;45.810001;21.92;53.02;56.07;50.950001;51.650002;2.394761904761905;0.18;0
2010-08-31;53.610001;31.040001;65.379997;27.889999;11.015434;21.120001;47.779999;30.190001;;75.18;51.200001;38.52;49.689999;26.193333;28.1;64.949997;74.489998;30.809999;20.030001;57.330002;53.200001;66.699997;33.990002000000004;26.48;51.689999;49.07;28.190001;43.459999;20.690001;49.349998;55.360001;50.299999;50.98;2.178181818181818;0.19;0
2010-09-30;55.93;32.779999;70.900002;29.620001;11.657189;22.91;53.720001;33.41;;82.730003;56.060001;42.259998;54.529999;28.746666;30.49;66.43;76.220001;31.379999;21.790001;62.759998;57.18;70.68;37.849998;27.879999;57.790001;53.880001;31.280001;49.07;23.02;55.599998;57.34;52.080002;52.880001;2.167619047619048;0.19;0
2010-10-31;57.299999;34.799999;75.650002;30.190001;11.827783;22.67;56.630001;35.259998;;86.949997;59.240002;43.849998;55.580002;29.766666;31.17;67.32;77.43;31.719999;22.059999;63.470001;59.66;72.860001;39.619999;28.77;59.82;56.849998;32.18;52.18;24.35;59.16;59.860001;54.549999;54.959999;2.164;0.19;0
2010-11-30;59.5;35.189999;76.93;29.940001;11.746548;22.52;58.490002;36.150002;;92.580002;62.709999;48.240002;54.299999;29.133333;30.27;65.699997;75.480003;30.76;21.83;63.02;56.599998;72.16999799999998;36.380001;28.32;60.889999;56.299999;32.610001000000004;52.09;23.950001;58.599998;58.799999;53.540001;54.09;2.309;0.19;0
2010-12-31;61.470001;38.41;82.599998;32.880001;12.956945;26.450001;60.470001;37.41;;99.669998;68.25;52.75;56.25;31.139999;31.5;67.08000200000001;77.099998;31.34;23.370001;65.629997;58.27;73.389999;39.279999;29.309999;64.82;58.849998;34.869999;54.459999;25.190001;61.52;61.02;55.369999;55.959999;2.672727272727273;0.18;0
2011-01-31;53.919998;38.439999;82.760002;33.669998;13.322501999999998;26.129999;59.889999;37.18;;106.68;73.150002;56.75;56.700001;31.24;31.68;68.050003;78.290001;31.719999;23.0;64.559998;59.240002;72.209999;41.009998;28.879999;67.139999;62.32;36.240002;56.0;25.99;63.939999;63.07;57.169998;57.959999;2.7795;0.17;0
2011-02-28;59.830002;39.459999;85.190002;34.630001;13.688059;26.700001;63.220001;39.41;;114.709999;78.540001;61.689999;58.669998;31.559999;32.669998;69.160004;79.58000200000002;32.110001000000004;23.299999;66.110001;60.360001;74.260002;42.27;29.719999;68.91999799999999;62.939999;37.009998;57.77;26.559999;65.5;66.07;59.860001;60.580002;2.803684210526316;0.16;0
2011-03-31;60.099998;40.02;87.360001;33.889999;13.314379;26.629999;63.139999;39.049999;;116.730003;79.75;64.41999799999999;60.040001;33.386665;33.110001000000004;69.07;79.360001;31.870001;23.82;68.57;61.75;75.589996;41.82;29.92;70.370003;64.230003;37.669998;57.43;26.059999;64.230003;64.599998;58.470001;59.400002;2.7169565217391303;0.14;0
2011-04-30;62.200001;40.869999;89.610001;34.130001;13.306254999999998;26.74;65.68;40.549999;;118.089996;80.480003;63.720001;63.889999;35.816666;35.24000200000001;71.75;82.459999;33.16;24.540001;70.010002;63.560001;79.57;45.34;31.52;72.16999799999998;64.760002;38.700001;59.080002;26.74;66.190002;68.449997;61.830002;62.169998;2.7205000000000004;0.1;0
2011-05-31;58.150002;39.75;87.129997;33.200001;12.867587;25.889999;65.510002;40.439999;;112.910004;77.110001;60.900002;65.129997;36.453335;36.110001;72.860001;83.629997;33.869999;25.65;72.599998;62.82;81.720001;43.84;32.310001;70.019997;64.519997;37.630001;58.360001;26.459999;64.989998;69.440002;62.68;62.799999;2.6133333333333333;0.09;0
2011-06-30;54.59;39.369999;86.07;32.110001000000004;12.469537;25.450001;65.410004;40.209999;;110.550003;75.349998;58.779999;64.150002;35.553333;35.529999;71.980003;82.68;33.48;24.9;71.260002;60.59;79.91999799999998;42.080002;31.23;69.389999;65.639999;37.240002;57.049999;25.700001;63.349998;66.599998;60.099998;60.299999;2.5918181818181814;0.09;0
2011-07-31;56.889999;38.009998;83.949997;31.059999;12.022746;24.780001;64.199997;39.650002;;112.290001;76.449997;62.200001;61.650002;34.633334999999995;34.119999;71.18;81.739998;33.169998;23.43;67.199997;59.32;78.769997;40.09;30.83;64.66999799999999;61.970001;34.68;58.0;25.809999;63.259998;67.739998;61.040001;60.43;2.5965000000000003;0.07;0
2011-08-31;62.799999;35.34;77.559998;28.25;10.869212;22.059999;60.299999;37.57;;100.290001;68.639999;53.669998;59.59;32.07;33.400002;72.459999;82.980003;33.889999;22.389999;65.150002;57.380001;78.949997;36.169998;30.889999;60.130001;58.139999;32.400002;55.060001;24.440001;59.200001;64.08000200000001;57.610001;57.220001;2.072608695652174;0.1;0
2011-09-30;55.189999;29.360001;64.470001;24.92;9.593826;19.309999;55.759998;34.860001000000004;;86.339996;58.509998;42.860001;56.689999;31.116667;31.73;71.459999;81.75;33.619999;20.389999;60.68;54.299999;76.230003;31.870001;29.66;54.0;54.5;29.219999;52.490002;23.6;56.759998;56.5;50.869999;50.57;1.7638095238095235;0.08;0
2011-10-31;58.830002;34.450001;76.040001;28.370001;10.966694;23.459999;62.990002;39.02;;102.269997;69.709999;53.849998;60.099998;32.743332;33.560001;74.300003;85.300003;34.849998;21.16;63.23;57.75;79.650002;35.82;31.040001;62.209999;59.91;33.419998;57.950001;26.01;63.73;64.709999;58.139999;57.240002;1.8715;0.07;0
2011-11-30;60.41;34.52;76.449997;27.16;10.406174;23.6;62.110001;38.740002;;103.93;70.870003;55.169998;60.66;34.066666;33.880001;75.089996;86.07;35.209999;21.07;63.290001;57.23;81.269997;34.720001;31.9;62.73;60.939999;33.889999;56.389999;25.620001;62.459999;62.150002;55.93;55.139999;1.7599999999999998;0.08;0
2011-12-31;51.43;33.5;73.129997;27.620001;10.56052;24.41;61.810001;39.02;;100.809998;69.129997;52.689999;61.209999;34.783333;34.689999;76.889999;88.32;35.98;21.0;62.169998;55.790001;81.470001;33.740002000000004;32.490002000000004;62.09;61.189999;33.75;55.830002;25.450001;61.369999;64.400002;58.0;56.810001;1.7209523809523808;0.07;0
2012-01-31;56.459999;37.18;81.849998;29.719999;11.421609;25.809999;65.809998;41.32;;102.860001;70.690002;54.580002;63.759998;38.666668;35.799999;74.120003;85.379997;34.68;21.24;61.52;55.189999;80.610001;35.580002;32.029999;66.739998;64.339996;36.220001;60.529999;27.030001;66.230003;68.489998;61.700001;60.560001;1.7259999999999998;0.08;0
2012-02-29;55.400002;36.970001;81.760002;31.02;11.990252;26.889999;69.339996;43.189999;;109.120003;74.879997;59.32;64.83000200000001;39.686668;36.18;74.589996;85.900002;34.889999;22.26;64.339996;56.389999;83.709999;37.380001;33.23;68.68;66.800003;37.23;64.410004;28.950001;70.849998;67.760002;60.990002;60.139999;1.6894999999999996;0.1;0
2012-03-31;49.540001;36.970001;82.209999;32.970001;12.835093;28.469999;72.199997;45.09;;105.18;71.75;56.91;67.57;41.099998;37.610001;74.839996;86.160004;35.040001000000004;22.200001;65.010002;56.509998;86.279999;37.349998;34.080002;69.540001;67.129997;37.419998;67.550003;30.16;74.18;70.83000200000002;63.650002;62.299999;1.828181818181818;0.13;0
2012-04-30;46.389999;36.669998;81.5;32.439999;12.534525;28.07;72.720001;45.610001;;104.059998;71.239998;56.369999;67.300003;41.796665;37.509998;76.150002;87.540001;35.66;21.91;64.769997;57.009998;86.470001;36.439999;34.18;68.93;66.83000200000001;37.009998;66.760002;29.82;72.699997;72.980003;65.470001;63.91;1.7609523809523815;0.14;0
2012-05-31;43.779999;33.82;74.470001;29.799999;11.380991;26.629999;68.410004;43.099998;;92.529999;63.630001;47.93;65.050003;41.07;36.150002;76.279999;87.459999;35.86000100000001;21.209999;64.160004;54.779999;85.120003;32.130001;33.779999;64.650002;61.779999;34.669998;62.060001;27.93;66.75;69.629997;62.52;61.220001;1.518181818181818;0.16;0
2012-06-30;44.77;35.29000100000001;77.75;31.059999;11.89277;27.379999;69.339996;43.779999;;97.290001;66.370003;50.400002;68.889999;43.32;38.009998;78.510002;90.050003;36.990002;22.469999;67.809998;57.580002;88.209999;33.700001;34.77;66.540001;64.0;35.669998;64.160004;28.73;68.730003;72.889999;65.43;63.939999;1.3304761904761904;0.16;0
2012-07-31;42.830002;34.84;77.290001;31.1;11.909017;26.91;69.260002;43.540001;;101.099998;69.650002;51.23;69.32;44.603333;38.389999;80.66999799999998;92.660004;37.919998;23.82;70.860001;59.419998;90.389999;33.900002;35.630001;66.57;63.119999;35.810001;64.800003;29.26;69.089996;74.260002;66.739998;65.43;1.2785714285714285;0.16;0
2012-08-31;47.939999;35.650002;79.849998;32.060001;12.315191;27.790001;72.699997;45.549999;;103.349998;71.529999;52.740002;70.480003;45.459999;38.84;77.690002;89.0;36.349998;24.1;70.83000200000002;59.450001;90.150002;35.41;35.459999;67.860001;64.519997;36.360001;68.160004;30.49;72.629997;74.050003;66.730003;65.629997;1.4095652173913045;0.13;0
2012-09-30;53.689999;36.799999;82.900002;32.759998;12.6645;28.639999;74.980003;46.790001;;106.980003;73.43;55.689999;73.209999;47.529999;40.119999;77.980003;89.5;36.389999;25.530001;75.050003;60.799999;91.580002;36.52;35.830002;69.07;65.25;36.529999;68.57;30.83;73.400002;71.959999;64.970001;64.379997;1.4678947368421051;0.14;0
2012-10-31;52.900002;36.029999;81.690002;33.279999;12.916328;27.940001;74.339996;46.07;;104.379997;71.940002;53.77;72.230003;43.956665;40.029999;79.0;90.489998;36.900002;24.42;71.790001;58.27;90.610001;37.130001;35.389999;69.110001;65.75;36.490002;64.949997;28.870001;68.629997;71.32;64.379997;64.0;1.4690476190476192;0.16;0
2012-11-30;47.549999;36.700001;82.860001;32.98;12.8026;27.58;76.389999;47.529999;;102.989998;71.059998;53.009998;72.93;46.25;40.240002;75.989998;87.010002;35.32;23.879999;71.230003;58.25;92.330002;37.98;36.040001;70.5;67.33000200000001;37.130001;65.800003;29.129999;69.720001;70.980003;64.209999;63.630001;1.3860000000000003;0.16;0
2012-12-31;46.389999;37.540001;84.209999;34.099998;13.314379;27.969999;75.870003;47.439999;;102.260002;71.41999799999998;54.080002;71.66999799999998;45.740002;39.880001;75.300003;86.360001;34.919998;24.26;70.010002;57.169998;87.900002;39.299999;34.900002;71.25;68.25;37.900002;65.129997;28.85;69.110001;72.970001;65.800003;64.66999799999999;1.4620000000000002;0.16;0
2013-01-31;41.619999;39.02;87.529999;36.139999;14.118603;29.83;80.459999;50.130001;;110.449997;77.349998;58.099998;77.120003;48.526669;42.91;79.209999;90.75;36.580002;24.969999;72.230003;59.27;93.080002;41.099998;36.869999;75.629997;69.099998;40.080002;66.870003;29.4;70.639999;75.470001;68.260002;67.269997;1.6495238095238096;0.14;0
2013-02-28;37.400002;38.490002;86.33000200000002;36.720001;14.289196;30.370001;81.010002;50.93;;110.809998;77.690002;57.970001;78.099998;49.263332;43.450001;81.040001;92.849998;37.43;23.870001;71.66999799999998;57.75;95.970001;39.68;38.09;77.5;71.190002;40.970001;67.099998;29.629999;71.010002;76.08000200000002;69.089996;68.120003;1.7168421052631575;0.15;0
2013-03-31;37.849998;39.18;88.730003;38.110001;14.792851;31.790001;84.83000200000002;53.0;;113.309998;79.309998;60.490002;82.91999799999998;53.310001;45.950001;84.75;97.099998;39.099998;24.299999;74.150002;59.93;100.730003;39.709999;39.77;79.870003;74.739998;41.759998;68.970001;30.27;72.900002;77.629997;70.529999;69.480003;1.7014999999999998;0.14;0
2013-04-30;30.360001;39.549999;88.58000200000002;39.049999;15.190902;31.049999;87.43;54.610001;20.15;111.849998;78.269997;57.369999;85.279999;57.436668;47.330002;89.529999;102.529999;41.43;26.799999;80.269997;63.919998;103.68;41.5;40.939999;78.900002;75.68;41.450001;70.720001;30.799999;73.290001;82.889999;75.279999;73.459999;1.5268181818181816;0.15;0
2013-05-31;29.5;40.299999;90.580002;40.5;16.116978;32.82;90.419998;56.119999;24.370001;114.849998;80.5;60.389999;86.93;59.83333199999999;48.110001;82.190002;94.279999;37.68;26.190001;77.279999;60.34;101.970001;41.560001;40.049999;82.870003;80.709999;43.529999;73.25;31.66;76.400002;77.949997;70.779999;68.690002;1.6777272727272732;0.11;0
2013-06-30;24.49;38.349998;86.529999;39.91;15.800162;33.880001;91.139999;56.400002;20.0;112.440002;78.300003;58.18;86.389999;57.959999;47.610001;82.190002;94.580002;37.630001;25.85;78.910004;59.389999;102.0;38.75;39.669998;81.599998;81.550003;42.639999;71.269997;30.59;73.980003;75.949997;68.720001;66.43;1.9665000000000008;0.09;0
2013-07-31;26.99;40.48;91.519997;41.939999;16.645004;36.799999;96.029999;59.369999;21.440001;118.309998;82.41999799999998;62.349998;92.989998;65.943336;51.02;85.83000200000002;98.629997;39.259998;27.93;82.260002;61.209999;106.620003;41.77;41.389999;86.620003;88.5;45.16;75.769997;31.73;78.010002;76.5;69.339996;66.589996;2.2413636363636367;0.09;0
2013-08-31;28.129999;40.43;91.0;39.799999;15.792039;35.119999;93.459999;57.68;22.83;116.540001;81.57;62.0;89.849998;64.58000200000001;49.220001;81.260002;93.400002;37.299999;26.799999;78.449997;60.439999;102.0;41.130001;39.509998;84.150002;86.93;44.040001;75.470001;31.4;77.66999799999998;71.199997;64.5;62.240002;2.380909090909091;0.08;0
2013-09-30;25.02;42.009998;95.169998;40.810001;16.173841;35.650002;98.82;60.630001;24.0;119.309998;82.910004;65.849998;93.139999;69.86666899999999;50.59;81.620003;93.889999;37.369999;27.58;80.769997;64.18;103.660004;44.119999;39.799999;89.389999;91.889999;46.41;78.879997;32.040001000000004;80.699997;72.93;66.139999;63.790001;2.4055;0.08;0
2013-10-31;25.1;43.77;99.25;42.310001;16.709991;37.369999;102.970001;63.41;20.389999;124.720001;86.389999;69.58000200000001;96.540001;68.443336;52.77;84.879997;97.510002;38.779999;29.32;86.510002;68.379997;109.839996;45.93;42.349998;93.669998;96.879997;48.619999;82.790001;33.650002;83.650002;75.879997;69.129997;66.16999799999999;2.2804545454545453;0.09;0
2013-11-30;22.280001;44.34;100.57;43.900002;17.449228;39.959999;106.57;65.599998;21.629999;124.93;86.440002;67.779999;101.419998;74.720001;55.259998;83.129997;95.480003;38.029999;28.59;85.050003;68.010002;111.669998;46.34;43.009998;97.089996;103.07;50.400002;85.730003;34.689999;86.629997;71.690002;65.5;63.099998;2.4147368421052624;0.08;0
2013-12-31;21.129999;46.220001;103.25;44.419998;17.757921;40.610001;108.059998;66.83000200000001;22.540001;126.43;88.510002;68.529999;101.099998;75.68666800000003;55.439999;83.279999;95.82;37.970001;29.73;83.660004;68.309998;110.080002;47.450001;42.98;100.029999;105.68;52.259998;87.959999;35.74000200000001;89.540001;71.269997;64.559998;63.080002;2.5619047619047626;0.09;0
2014-01-31;23.48;44.040001;98.769997;43.049999;17.108042;38.25;101.860001;62.82;19.98;118.68;83.379997;65.75;102.989998;81.970001;55.959999;85.57;98.43;39.099998;28.83;81.32;65.099998;104.220001;45.27;40.759998;95.980003;105.239998;50.029999;86.269997;34.82;87.440002;74.040001;67.32;65.25;2.4642857142857144;0.07;0
2014-02-28;25.879999;47.080002;105.43;44.509998;17.627945;39.889999;108.559998;66.839996;19.84;125.290001;87.650002;69.690002;109.110001;88.139999;59.439999;88.410004;101.610001;40.450001;28.780001;80.800003;66.300003;108.279999;48.529999;42.349998;99.900002;109.639999;52.060001;90.339996;36.349998;91.690002;77.910004;70.730003;68.349998;2.382631578947368;0.07;0
2014-03-31;23.610001;47.279999;106.309998;45.529999;18.147848;41.380001;105.800003;64.720001;18.719999;128.410004;89.059998;71.83000200000002;106.919998;78.800003;58.490002;90.519997;104.190002;41.459999;29.98;85.110001;66.860001;110.790001;48.279999;43.060001;100.589996;109.160004;52.330002;87.66999799999998;36.349998;91.529999;78.029999;70.620003;67.66999799999999;2.3242857142857143;0.08;0
2014-04-30;24.110001;47.669998;106.480003;44.77;17.839154999999995;38.490002;104.0;63.84;18.18;134.919998;93.739998;77.610001;105.489998;76.75;58.119999;93.910004;108.220001;43.209999;29.33;84.41999799999998;68.199997;113.620003;49.599998;44.240002;101.510002;108.68;53.029999;87.389999;36.450001;90.730003;80.93;72.940002;69.720001;2.2880952380952384;0.09;0
2014-05-31;22.5;49.080002;109.199997;45.389999;18.107229;38.290001;106.480003;65.68;19.389999;136.649994;95.309998;77.040001;108.5;79.86333499999998;59.790001;93.220001;107.449997;42.740002;30.15;87.690002;69.459999;115.949997;49.98;45.040001;103.330002;109.919998;54.049999;91.309998;37.82;93.849998;82.910004;74.690002;71.66999799999998;2.17;0.09;0
2014-06-30;26.450001;49.639999;111.760002;46.380001;18.472786;40.32;109.18;66.739998;18.84;143.96000700000005;100.099998;82.279999;111.629997;85.676666;60.830002;96.699997;111.370003;44.259998;30.33;87.959999;63.060001;115.839996;48.57;44.619999;104.239998;107.839996;54.060001;93.910004;38.349998;96.790001;83.0;74.839996;71.790001;2.146190476190476;0.1;0
2014-07-31;25.91;48.650002;108.980003;45.560001;18.204712;38.43;107.089996;65.889999;18.540001;138.580002;96.629997;75.290001;111.330002;83.610001;60.91;89.980003;103.519997;41.25;30.73;89.0;64.190002;111.830002;46.52;43.139999;99.529999;102.660004;51.830002;95.019997;39.0;97.290001;83.120003;74.900002;71.709999;2.0359090909090907;0.09;0
2014-08-31;26.690001;50.529999;113.519997;47.34;18.976442;38.950001;111.760002;68.82;17.540001;142.259995;98.739998;79.050003;117.169998;92.183334;63.860001;94.610001;108.940002;43.279999;30.690001;88.41999799999998;64.620003;117.139999;46.799999;45.130001;103.949997;108.669998;54.02;99.779999;40.279999;101.43;85.43;77.18;74.199997;1.947619047619048;0.09;0
2014-09-30;21.360001;49.59;110.18;46.43;18.822096;37.860001;108.5;66.690002;17.139999;131.119995;90.620003;68.83000200000001;116.989998;91.209999;63.91;91.32;105.269997;42.09;29.950001;87.300003;62.889999;117.5;45.080002;45.110001;101.419998;107.580002;53.150002;98.790001;39.900002;100.080002;79.800003;71.849998;69.199997;1.967619047619048;0.09;0
2014-10-31;17.209999;48.400002;108.400002;48.209999;19.366369;40.080002;111.260002;68.099998;19.459999;125.889999;87.41999799999998;60.869999;123.730003;98.873337;67.269997;98.959999;114.139999;45.470001;30.469999;89.120003;63.830002;121.82;44.09;46.709999;105.389999;111.199997;55.209999;101.400002;40.540001;101.989998;88.260002;78.989998;74.980003;1.858636363636364;0.09;0
2014-11-30;18.360001;49.16;109.559998;49.16;24.379999;39.650002;117.5;71.809998;17.610001;114.239998;79.82;51.080002;127.779999;101.300003;69.610001;99.760002;115.290001;46.0;30.77;89.910004;64.879997;128.080002;44.98;49.299999;108.309998;114.150002;56.91;106.010002;42.490002;107.080002;90.160004;80.57;77.019997;1.7983333333333336;0.09;0
2014-12-31;18.379999;48.580002;107.389999;49.709999;24.950001;40.700001;116.879997;72.150002;17.360001;111.620003;79.160004;47.860001;125.589996;101.116669;69.370003;102.349998;118.269997;47.970001;29.280001;84.720001;60.09;125.419998;42.529999;48.490002;106.82;114.690002;57.490002;103.25;41.349998;104.480003;90.459999;81.0;76.839996;1.5718181818181818;0.12;0
2015-01-31;22.290001;47.689999;104.480003;46.959999;23.389999;36.849998;113.260002;69.989998;15.75;106.199997;75.550003;46.18;127.709999;107.216667;70.940002;104.580002;120.860001;48.189999;28.540001;83.110001;61.18;123.440002;42.73;48.02;102.669998;114.410004;55.990002;101.099998;39.900002;100.809998;96.860001;86.550003;81.230003;1.33;0.11;0
2015-02-28;21.280001;51.490002;112.580002;49.34;19.780666;40.209999;122.589996;75.970001;12.37;111.410004;79.019997;50.810001;133.619995;112.489998;72.239998;98.370003;113.610001;45.23;30.82;88.610001;63.799999;128.720001;45.290001;50.009998;108.980003;123.330002;56.380001;108.400002;43.09;109.209999;93.309998;83.370003;79.120003;1.3563157894736844;0.11;0
2015-03-31;18.24;48.779999;108.550003;49.279999;19.585703;40.830002;122.480003;75.349998;12.0;109.279999;77.58000200000002;51.66;135.520004;114.476669;74.690002;96.879997;111.760002;44.43;30.219999;86.449997;61.299999;126.989998;44.27;48.740002;107.349998;123.779999;55.77;105.599998;41.439999;106.519997;94.57;84.309998;79.32;1.4022727272727271;0.11;0
2015-04-30;20.110001;50.419998;109.870003;49.119999;24.110001;41.110001;121.879997;75.309998;12.59;116.989998;82.68;55.09;132.830002;111.220001;74.230003;96.650002;111.059998;44.610001;30.75;89.639999;64.68;128.110001;46.080002;48.369999;106.68;120.099998;56.299999;107.629997;42.580002;107.889999;92.050003;79.379997;75.5;1.3950000000000002;0.12;0
2015-05-31;19.58;50.610001;111.650002;49.939999;19.983753;42.139999;123.629997;76.300003;10.69;111.050003;78.389999;49.529999;139.820007;121.676666;74.260002;96.620003;111.5;44.639999;30.040001;88.0;63.880001;127.010002;46.200001;48.790001;107.080002;121.559998;55.810001;110.050003;43.369999;110.580002;88.970001;79.139999;75.25;1.5885;0.12;0
2015-06-30;17.76;48.389999;107.650002;49.669998;24.870001;44.16;124.220001;76.480003;9.92;106.949997;75.160004;46.66;139.96000700000002;122.989998;74.389999;92.260002;103.660004;43.32;29.280001;86.949997;62.139999;124.889999;43.73;47.599998;104.709999;119.139999;54.060001;107.07;41.400002;106.230003;86.040001;74.690002;71.300003;1.6749999999999998;0.13;0
2015-07-31;13.75;45.950001;102.029999;51.099998;25.209999;43.619999;129.110001;80.220001;9.51;97.82;69.379997;38.349998;143.979996;127.510002;77.050003;94.839996;109.610001;43.23;29.059999;86.43;62.91;131.0;44.790001;50.310001;104.68;118.040001;54.27;111.949997;42.580002;108.639999;89.370003;79.0;74.83000200000002;1.656818181818182;0.13;0
2015-08-31;14.11;43.360001;96.419998;48.169998;22.33;41.07;121.470001;74.980003;9.67;90.769997;66.43;36.0;132.380005;113.996666;70.489998;91.43;105.739998;42.779999;28.51;83.720001;59.849998;123.699997;41.919998;47.310001;99.220001;113.480003;51.290001;104.309998;40.52;102.839996;84.089996;75.870003;71.989998;1.4695238095238097;0.14;0
2015-09-30;13.73;39.919998;87.33000200000002;46.290001;22.65;41.18;117.839996;74.260002;8.93;84.760002;61.200001;32.84;122.559998;101.110001;66.230003;93.019997;107.889999;43.290001;27.0;78.809998;56.720001;121.260002;39.799999;47.189999;94.959999;109.019997;49.709999;101.760002;39.5;100.0;86.16999799999998;75.540001;70.949997;1.4595238095238101;0.14;0
2015-10-31;14.96;45.279999;98.610001;49.029999;24.08;42.830002;126.989998;80.970001;6.62;93.809998;68.029999;36.610001;130.929993;108.486664;71.400002;94.830002;109.739998;43.75;29.870001;85.739998;60.669998;128.309998;42.23;49.889999;103.25;118.239998;54.27;113.330002;43.650002;110.459999;91.160004;79.889999;75.360001;1.4252380952380952;0.12;0
2015-11-30;13.76;45.73;99.389999;50.07;19.95126;45.650002;126.400002;80.779999;4.65;94.260002;68.019997;37.130001;131.809998;111.456665;71.110001;92.809998;107.57;42.82;29.68;84.870003;59.82;127.139999;41.639999;49.419998;104.519997;119.949997;54.740002;114.019997;43.959999;111.769997;90.599998;79.389999;75.209999;1.3784210526315783;0.12;0
2015-12-31;13.72;43.419998;94.190002;48.450001;19.358246;41.919998;122.550003;78.160004;4.16;83.120003;60.32;30.219999;132.880005;112.776665;72.029999;93.93;107.919998;43.279999;28.790001;83.910004;57.849998;129.070007;40.110001;50.490002;101.029999;118.220001;53.009998;111.860001;42.830002;108.290001;91.629997;79.730003;75.08000200000002;1.26;0.24;0
2016-01-31;14.21;38.77;84.75;44.330002;17.644192;36.66;115.43;74.110001;3.34;79.980003;58.209999;28.49;120.510002;89.01666999999998;66.470001;98.339996;113.18;45.419998;27.790001;84.940002;58.810001;129.070007;37.959999;50.759998;94.519997;109.419998;49.990002;104.129997;41.240002;101.93;87.910004;76.989998;72.0;1.1857894736842105;0.34;0
2016-02-29;19.379999;41.799999;90.260002;43.200001;17.132412;35.07;116.57;74.440002;1.72;78.209999;56.580002;24.6;119.879997;84.696663;66.230003;100.089996;115.160004;46.299999;29.59;88.309998;59.009998;129.589996;36.779999;50.919998;98.18;112.169998;52.119999;102.5;40.970001;100.940002;87.160004;76.709999;71.459999;1.0459999999999998;0.38;0
2016-03-31;19.969999;44.810001;98.18;46.360001;18.277822;37.639999;124.059998;79.099998;2.52;85.82;61.889999;30.35;123.300003;86.93666800000003;67.779999;107.529999;123.68;49.619999;30.73;92.720001;62.27;135.320007;39.110001;53.060001;105.209999;116.889999;55.470001;109.199997;44.360001;109.529999;95.150002;83.800003;77.860001;1.0140909090909094;0.36;0
2016-04-30;25.83;47.099998;103.449997;47.68;18.935825;40.349998;123.940002;79.199997;3.95;94.639999;67.5;35.74000200000001;127.059998;89.316666;69.790001;105.43;121.080002;48.419998;31.209999;92.540001;62.18;133.869995;40.310001;52.299999;106.339996;121.870003;56.16;105.720001;42.130001;104.410004;92.330002;81.83000200000002;76.559998;1.037142857142857;0.37;0
2016-05-31;22.58;46.939999;103.169998;48.889999;19.293257;41.650002;123.739998;79.239998;3.23;93.029999;66.870003;35.52;130.080002;93.256668;71.349998;107.150002;122.980003;49.150002;31.6;92.389999;62.220001;135.0;39.970001;52.66;106.419998;124.029999;55.919998;110.339996;44.189999;109.989998;94.160004;83.66999799999998;78.25;0.99;0.37;0
2016-06-30;27.709999;46.34;102.43;47.360001;18.570269;38.400002;121.980003;78.059998;2.58;95.120003;68.239998;34.810001;130.490005;85.779999;71.709999;114.5;131.270004;52.470001;33.299999;98.400002;63.189999;141.21000700000005;37.790001;55.150002;106.269997;124.93;56.009998;107.540001;43.369999;107.089996;99.43;88.66999799999998;82.389999;0.9127272727272728;0.38;0
2016-07-31;30.59;48.689999;108.07;49.209999;19.212023;40.099998;127.870003;81.620003;2.3;93.290001;67.379997;34.25;137.559998;96.480003;75.199997;113.480003;130.009995;52.119999;34.470001;101.050003;63.700001;140.71000700000002;38.950001;54.700001;110.349998;129.509995;58.040001;115.230003;46.450001;115.199997;103.790001;92.449997;85.400002;0.8314999999999998;0.39;0
2016-08-31;25.49;48.560001;108.209999;50.799999;19.95126;43.02;126.419998;80.559998;2.7;95.059998;68.510002;36.790001;133.179993;93.629997;72.760002;107.32;122.790001;49.23;32.209999;95.040001;61.889999;139.979996;39.139999;54.380001;111.620003;130.21000700000002;58.59;116.440002;46.990002;117.889999;100.220001;88.970001;82.540001;0.819130434782609;0.4;0
2016-09-30;26.43;47.75;106.919998;49.360001;19.299999;42.27;125.739998;80.040001;2.71;97.690002;70.610001;38.459999;132.889999;96.486664;72.110001;106.959999;122.57;48.990002;32.220001;94.389999;61.849998;136.880005;39.380001;53.209999;110.900002;129.059998;58.380001;118.720001;47.779999;120.370003;97.370003;86.739998;80.639999;0.8595238095238092;0.4;0
2016-10-31;24.52;46.75;104.290001;50.279999;19.74;43.790001;122.669998;78.099998;2.71;94.07;68.620003;35.349998;123.349998;85.559998;67.360001;107.919998;123.57;49.43;31.4;90.980003;59.029999;135.809998;38.130001;52.799999;108.470001;130.270004;57.209999;116.989998;47.419998;119.720001;91.860001;81.760002;76.639999;0.9215;0.4;0
2016-11-30;20.83;49.939999;113.019997;57.240002;22.51;52.41;129.119995;81.849998;4.12;103.25;74.43;41.93;126.650002;91.356667;68.75;103.019997;117.449997;46.75;31.950001;93.940002;57.259998;130.71000700000002;37.18;50.580002;119.040001;143.309998;62.41;117.5;47.5;120.349998;90.620003;80.389999;74.849998;1.1625;0.41;0
2016-12-31;20.92;49.700001;112.440002;59.349998;23.25;55.57;128.669998;81.400002;2.67;106.300003;75.32;43.18;126.769997;88.459999;68.940002;107.010002;121.830002;48.57;34.5;100.150002;58.900002;133.990005;38.810001;51.709999;119.260002;140.520004;62.220001;118.480003;48.360001;121.5;93.349998;82.529999;76.940002;1.2952380952380953;0.54;0
2017-01-31;23.93;51.959999;117.75;59.439999;23.309999;55.400002;133.520004;84.83000200000002;3.61;101.050003;72.900002;40.080002;130.139999;92.690002;70.519997;108.260002;123.370003;49.18;35.49000200000001;100.529999;59.459999;135.75;39.84;52.59;120.93;142.389999;63.380001;124.57;50.080002;126.739998;92.459999;82.370003;77.040001;1.2260000000000002;0.65;0
2017-02-28;22.85;52.25;118.989998;62.32;24.540001;57.459999;135.869995;86.370003;4.98;98.370003;71.379997;37.860001;138.490005;99.076668;74.989998;113.620003;129.449997;51.77;33.259998;97.739998;59.0;141.800003;40.099998;55.099998;125.010002;151.770004;65.860001;130.020004;52.349998;133.0;95.669998;85.260002;80.410004;1.2178947368421056;0.66;0
2017-03-31;22.809999;52.41;118.940002;60.470001;23.73;54.610001;138.470001;87.949997;4.15;96.709999;69.900002;37.439999;137.820007;97.756668;74.360001;112.629997;128.419998;51.310001;32.34;94.870003;59.48;140.639999;41.849998;54.580002;123.730003;148.720001;65.059998;132.380005;53.310001;135.630005;92.279999;82.589996;78.489998;1.1686956521739131;0.79;0
2017-04-30;22.23;53.07;120.239998;60.060001;23.530001;54.049999;141.880005;90.059998;2.95;93.330002;67.839996;34.950001;140.130005;99.213333;75.5;113.379997;129.259995;51.700001;34.009998;96.949997;58.66;142.160004;43.349998;55.18;126.029999;153.759995;66.339996;135.990005;54.380001;138.800003;92.089996;82.790001;78.93;1.0563157894736843;0.9;0
2017-05-31;22.690001;53.080002;119.449997;59.09;23.25;51.830002;142.919998;91.050003;3.08;89.550003;65.440002;32.57;140.820007;95.25;76.08000200000002;117.919998;134.550003;53.84;32.689999;93.980003;61.02;145.28999299999995;45.389999;56.639999;126.879997;157.809998;67.519997;141.28999299999995;56.529999;144.919998;91.510002;82.190002;78.839996;1.0018181818181815;0.91;0
2017-06-30;22.08;53.810001;121.599998;62.549999;24.67;54.950001;141.970001;89.629997;3.06;88.5;64.91999799999999;31.92;147.369995;103.360001;79.239998;114.260002;130.029999;51.959999;32.259998;91.830002;58.5;141.020004;44.32;54.939999;128.410004;157.350006;68.110001;137.639999;54.720001;140.839996;92.980003;83.230003;79.769997;0.8445454545454548;1.04;0
2017-07-31;22.860001;54.639999;123.370003;63.540001;25.09;54.48;144.139999;91.360001;3.17;90.779999;66.620003;32.52;148.25;106.363335;79.889999;117.290001;133.369995;53.220001;31.9;93.769997;61.110001;141.899994;45.509998;55.32;128.649994;164.899994;68.309998;143.229996;57.16;146.660004;93.790001;84.260002;80.660004;0.9455000000000005;1.15;0
2017-08-31;24.719999;55.07;124.199997;62.259998;24.700001;52.02;141.720001;89.660004;3.86;85.720001;62.970001;30.16;151.059998;111.116669;81.290001;120.690002;137.46000700000002;54.970001;31.879999;93.550003;60.41;140.160004;45.470001;54.709999;128.679993;170.96000700000005;68.459999;146.199997;58.830002;151.220001;93.050003;84.040001;81.199997;0.8739130434782608;1.16;0
2017-09-30;22.959999;56.799999;128.520004;65.360001;25.860001;56.759998;143.339996;90.080002;4.7;93.580002;68.480003;34.09;152.279999;111.196663;81.730003;116.779999;132.910004;53.049999;30.41;92.260002;60.380001;138.559998;46.869999;53.98;134.259995;178.03999299999995;71.0;145.449997;59.099998;151.990005;92.510002;83.089996;79.879997;0.8174999999999999;1.15;0
2017-10-31;22.48;59.0;133.259995;67.019997;26.6;57.110001;145.690002;91.989998;4.35;92.580002;67.910004;34.279999;151.139999;104.726669;81.110001;121.349998;138.21000700000002;55.119999;30.16;89.43;58.950001;136.520004;47.110001;53.09;135.149994;180.470001;71.529999;152.149994;62.950001;163.229996;91.470001;82.199997;79.91999799999998;0.8104761904761906;1.15;0
2017-11-30;22.469999;59.560001;134.470001;69.379997;27.52;59.330002;152.970001;96.650002;3.57;94.489998;69.099998;35.720001;155.490005;310.809998;83.470001;123.620003;140.720001;56.599998;30.139999;91.650002;61.16;144.130005;47.040001;56.049999;140.360001;185.839996;74.510002;155.149994;63.84;165.009995;94.339996;84.389999;81.970001;0.6566666666666667;1.16;0
2017-12-31;23.24;60.529999;136.699997;70.040001;27.91;58.849998;155.970001;98.690002;3.39;98.949997;72.260002;37.18;154.139999;106.769997;82.68;116.589996;132.869995;52.68;29.41;91.150002;60.529999;146.03999299999995;47.259998;56.889999;142.369995;188.110001;75.66999799999998;155.759995;63.950001;164.729996;93.690002;82.980003;81.010002;0.5585;1.3;0
2018-01-31;23.75;62.950001;141.559998;74.040001;29.74;62.299999;169.0;107.809998;2.81;102.07;74.849998;36.91;164.600006;114.080002;88.099998;112.940002;128.649994;51.040001;29.549999;92.190002;61.779999;148.53999299999995;49.860001;57.82;148.910004;203.25;79.730003;169.399994;68.449997;177.169998;89.849998;79.449997;78.559998;0.5519047619047619;1.41;0
2018-02-28;21.35;59.630001;134.160004;72.029999;28.870001;61.52;162.759995;104.07;4.84;91.110001;66.739998;33.060001;157.699997;108.080002;84.139999;108.300003;123.459999;49.060001;27.92;86.91999799999998;57.799999;137.490005;46.779999;53.41;142.380005;202.869995;76.650002;167.21000700000005;68.16999799999999;177.339996;83.349998;73.349998;73.33000200000002;0.6836842105263159;1.42;0
2018-03-31;21.98;56.939999;128.899994;69.470001;27.57;60.389999;158.619995;101.290001;3.76;92.370003;67.410004;35.220001;153.529999;106.739998;81.400002;111.809998;127.449997;50.529999;27.02;83.66999799999998;57.330002;136.119995;46.630001;52.630001;139.110001;197.960007;74.290001;160.130005;65.41999799999999;171.0;86.139999;75.470001;75.470001;0.5666666666666667;1.51;0
2018-04-30;22.280001;57.009998;129.520004;69.220001;27.450001;61.639999;161.679993;103.699997;9.77;101.32;73.809998;39.380001;154.929993;103.650002;82.260002;114.57;130.419998;51.560001;27.389999;84.809998;58.23;131.070007;47.599998;50.450001;135.380005;192.350006;72.220001;160.940002;65.459999;170.96000700000005;87.389999;76.089996;75.639999;0.4847619047619049;1.69;0
2018-05-31;22.34;58.18;132.600006;69.110001;27.18;63.18;165.229996;105.760002;17.85;104.959999;76.019997;42.25;157.309998;108.449997;82.410004;114.209999;129.679993;50.990002;26.969999;82.58000200000002;55.07;129.610001;46.34;49.66;139.880005;199.089996;74.440002;170.070007;69.900002;183.009995;90.900002;78.889999;78.190002;0.4659090909090908;1.7;0
2018-06-30;22.309999;58.07;131.559998;67.449997;26.59;61.0;169.630005;109.300003;16.66;105.080002;75.940002;43.060001;159.139999;109.82;83.459999;115.959999;131.940002;51.959999;27.57;84.91999799999998;54.07;134.270004;44.709999;51.529999;135.809998;192.470001;71.629997;171.649994;69.470001;181.399994;93.959999;81.449997;80.58000200000002;0.37904761904761897;1.82;0
2018-07-31;21.280001;59.73;135.479996;70.610001;27.950001;61.509998;172.110001;111.269997;19.5;106.220001;77.120003;43.02;168.610001;116.489998;88.93;117.900002;134.160004;52.790001;27.620001;84.41999799999998;55.98;138.899994;46.349998;53.57;144.940002;205.839996;76.91999799999998;176.449997;70.91999799999998;186.160004;94.260002;81.940002;81.25;0.28238095238095245;1.91;0
2018-08-31;18.549999;59.27;134.240005;71.58000200000002;28.33;63.150002;180.899994;116.949997;21.969999;103.080002;74.440002;42.34;177.059998;122.190002;92.779999;119.260002;135.690002;53.470001;29.68;86.809998;55.919998;140.050003;44.91;53.779999;146.070007;207.470001;77.099998;186.649994;75.599998;202.800003;97.080002;84.050003;83.18;0.2534782608695652;1.91;0
2018-09-30;18.52;57.93;131.110001;69.370003;27.58;59.419998;180.449997;117.220001;30.0;105.110001;75.739998;43.290001;180.410004;121.940002;95.150002;117.870003;134.070007;52.650002;29.74;87.0;57.880001;140.119995;45.07;53.93;147.720001;216.429993;78.400002;185.789993;75.33000200000002;202.559998;93.25;80.68;80.019997;0.23631578947368426;1.95;0
2018-10-31;18.93;52.610001;117.010002;65.660004;26.280001;53.990002;161.990005;105.379997;26.059999;92.379997;67.160004;36.07;166.529999;104.07;88.699997;119.25;135.759995;53.689999;28.200001;81.610001;53.950001;142.5;41.59;55.009998;131.21000700000002;191.720001;69.879997;169.820007;69.300003;185.389999;90.879997;78.32;78.110001;0.2913636363636364;2.19;0
2018-11-30;19.09;54.610001;121.050003;67.41999799999999;26.969999;55.759998;165.759995;107.989998;24.870001;89.760002;66.110001;32.810001;177.399994;109.099998;95.870003;123.919998;140.71000700000002;55.59;28.709999;81.010002;54.610001;145.270004;41.52;56.259998;135.940002;192.009995;72.540001;169.369995;67.940002;182.669998;95.330002;81.980003;81.779999;0.258;2.2;0
2018-12-31;21.09;50.52;110.830002;59.360001;23.82;46.790001;150.520004;99.010002;21.389999;77.110001;57.349998;26.530001;160.600006;96.43;86.510002;117.830002;134.220001;52.919998;26.35;74.07;50.18;131.169998;39.119999;50.779999;120.410004;172.860001;64.410004;154.259995;61.98;166.830002;86.0;74.57;74.940002;0.1563157894736842;2.27;0
2019-01-31;22.690001;53.349998;119.120003;64.949997;25.940001;52.959999;165.699997;108.779999;24.33;86.139999;63.779999;30.540001;170.130005;109.690002;90.669998;122.209999;139.020004;54.759998;28.040001;81.889999;54.73;138.300003;41.619999;53.389999;134.070007;194.5;71.769997;168.160004;66.279999;180.160004;95.809998;83.410004;83.540001;0.1704761904761905;2.4;0
2019-02-28;22.24;55.049999;123.25;66.970001;26.52;56.610001;168.190002;110.209999;24.08;88.010002;65.25;29.780001;172.919998;112.739998;91.650002;126.949997;144.429993;57.009998;29.690001;82.190002;54.900002;141.110001;42.93;54.34;142.449997;209.119995;76.339996;173.190002;70.860001;193.360001;96.760002;83.989998;84.150002;0.17210526315789473;2.4;0
2019-03-31;22.42;55.5;123.089996;64.540001;25.709999;51.34;172.410004;113.849998;15.66;89.379997;66.120003;30.74;172.479996;111.800003;91.75;129.600006;147.309998;58.169998;29.74;83.519997;56.279999;145.21000700000005;43.389999;56.110001;139.899994;199.580002;75.029999;179.660004;74.0;200.630005;98.919998;86.910004;87.040001;0.16142857142857142;2.41;0
2019-04-30;20.889999;57.450001;126.959999;70.059998;28.02;55.799999;181.210007;120.07;20.24;89.209999;66.110001;30.950001;167.830002;106.419998;89.260002;130.720001;148.630005;58.709999;30.32;88.58000200000002;59.189999;148.889999;45.0;57.709999;146.279999;209.619995;78.010002;189.539993;78.709999;213.410004;98.68;86.769997;87.0;0.1876190476190476;2.42;0
2019-05-31;21.59;52.75;115.160004;65.150002;26.01;50.220001;166.899994;110.940002;18.049999;78.769997;58.77;25.610001;163.339996;99.980003;87.279999;129.580002;147.169998;58.25;28.0;83.57;55.849998;142.660004;42.529999;55.610001;135.229996;201.940002;72.050003;173.949997;71.889999;194.460007;98.370003;86.889999;86.870003;0.18863636363636369;2.39;0
2019-06-30;25.559999;58.5;128.199997;69.010002;27.6;53.43;179.389999;119.199997;19.450001;85.019997;63.709999;27.25;173.940002;109.099998;92.639999;132.929993;150.78999299999995;59.630001;29.450001;86.690002;57.240002;148.759995;44.07;58.07;145.800003;214.210007;77.41999799999998;186.740005;78.040001;210.889999;98.800003;87.400002;87.309998;0.2600000000000001;2.38;0
2019-07-31;26.5;58.34;127.529999;70.900002;28.25;55.139999;181.470001;120.720001;22.639999;82.970001;62.700001;25.030001;171.669998;105.660004;91.139999;132.649994;150.440002;59.549999;29.959999;89.660004;58.669998;152.270004;42.91;59.43;146.929993;215.27999900000003;77.82;191.100006;80.769997;218.350006;100.339996;88.889999;89.389999;0.2240909090909091;2.4;0
2019-08-31;29.860001;56.689999;122.68;67.239998;26.92;50.119999;178.320007;119.580002;20.68;75.739998;57.48;21.57;169.649994;102.93;90.599998;139.059998;157.619995;62.580002;28.379999;87.16999799999998;57.139999;154.699997;42.169998;60.720001;142.380005;221.809998;75.760002;187.470001;79.529999;213.559998;102.720001;92.220001;92.459999;0.17;2.13;0
2019-09-30;28.110001;57.869999;125.760002;69.970001;27.959999;52.849998;179.080002;120.089996;24.209999;78.639999;59.639999;22.629999;167.199997;100.080002;89.730003;144.050003;163.320007;64.93;29.209999;87.25;57.650002;156.110001;43.150002;61.189999;146.5;227.740005;77.83000200000002;189.380005;80.769997;216.360001;104.739998;93.610001;93.760002;;;0
